MasterID,7et Problem,4c pickup,6et pickup,6e pickup,6eStar pickup,NEW
02232,04.01.01,04.02.01, , , ,
02233,04.01.02a,04.02.02a, , , ,
04940,04.01.02b,04.02.02b, , , ,
80278,04.01.03,04.02.03, , , ,
80279,04.01.04,04.02.04, , , ,
80280,04.01.05,04.02.05, , , ,
80281,04.01.06,04.02.06, , , ,
02239,04.01.07,04.02.07, , , ,
02240,04.01.08,04.02.08, , , ,
02241,04.01.09,04.02.09, , , ,
02242,04.01.10,04.02.10, , , ,
02247,04.01.11a,04.02.11a, , , ,
04941,04.01.11b,04.02.11b, , , ,
04942,04.01.11c,04.02.11c, , , ,
02248,04.01.12a,04.02.12a, , , ,
04943,04.01.12b,04.02.12b, , , ,
02249,04.01.13a,04.02.13a, , , ,
04944,04.01.13b,04.02.13b, , , ,
02250,04.01.14a,04.02.14a, , , ,
04945,04.01.14b,04.02.14b, , , ,
82000,04.01.15,04.02.15, , , ,
82001,04.01.16,04.02.16, , , ,
82827,04.01.17,..,..,..,..,new
82828,04.01.18,..,..,..,..,new
82829,04.01.19,..,..,..,..,new
82830,04.01.20,..,..,..,..,new
82831,04.01.21,..,..,..,..,new
80283,04.01.22,04.02.20, , , ,
80282,04.01.23,04.02.19, , , ,
82832,04.01.24,..,..,..,..,new
02264,04.01.25,04.02.21, , , ,
02255,04.01.26,04.02.18, , , ,
02266,04.01.27,..,04.01.27, , ,
30181,04.01.28,04.02.22, , , ,
82002,04.01.29,04.02.23, , , ,
82003,04.01.30,04.02.24, , , ,
82833,04.01.31,..,..,..,..,new
82834,04.01.32,..,..,..,..,new
82835,04.01.33,..,..,..,..,new
02284,04.01.34,04.02.28, , , ,
30182,04.01.35,04.02.29, , , ,
30183,04.01.36,04.02.30, , , ,
80284,04.01.37,04.02.31, , , ,
02275,04.01.38,04.02.32, , , ,
02278,04.01.39,04.02.33, , , ,
02281,04.01.40,04.02.34, , , ,
02280,04.01.41,04.02.35, , , ,
82004,04.01.42,04.02.36, , , ,
80286,04.01.43,04.02.37, , , ,
80287,04.01.44,04.02.38, , , ,
80288,04.01.45,04.02.39, , , ,
80289,04.01.46,04.02.40, , , ,
82005,04.01.47,04.02.41, , , ,
82006,04.01.48,04.02.42, , , ,
02290,04.01.49,04.02.43, , , ,
82836,04.01.50,..,..,..,..,new
82837,04.01.51,..,..,..,..,new
02293,04.01.52,04.02.46, , , ,
82838,04.01.53,..,..,..,..,new
82839,04.01.54,..,..,..,..,new
02296,04.01.55,04.02.47, , , ,
02297,04.01.56,..,04.01.56, , ,
80290,04.01.57,04.02.53, , , ,
80291,04.01.58,04.02.54, , , ,
30184,04.01.59,04.02.49, , , ,
30185,04.01.60,04.02.50, , , ,
81259,04.01.61,04.02.51, , , ,
82007,04.01.62,04.02.52, , , ,
02307,04.01.63,04.02.55, , , ,
02308,04.01.64,04.02.56, , , ,
30186,04.01.65a,04.02.57a, , , ,
30244,04.01.65b,04.02.57b, , , ,
82840,04.01.66a,..,..,..,..,new
82841,04.01.66b,..,..,..,..,new
02313,04.01.67a,04.02.59a, , , ,
04947,04.01.67b,04.02.59b, , , ,
30187,04.01.68a,04.02.60a, , , ,
30245,04.01.68b,04.02.60b, , , ,
02315,04.01.69,04.02.61, , , ,
02316,04.01.70,04.02.62, , , ,
81260,04.01.71,04.02.63, , , ,
02318,04.01.72a,04.02.64a, , , ,
04948,04.01.72b,04.02.64b, , , ,
02319,04.01.73a,04.02.65a, , , ,
04949,04.01.73b,04.02.65b, , , ,
04950,04.01.73c,04.02.65c, , , ,
02320,04.01.74,..,04.01.74, , ,
02321,04.01.75,..,04.01.75, , ,
02322,04.01.76,..,04.01.76, , ,
02323,04.01.77,..,04.01.77, , ,
02324,04.01.78a,04.02.66a, , , ,
04951,04.01.78b,04.02.66b, , , ,
02325,04.01ap01.01,04.02ap.01, , , ,
02326,04.01ap01.02,04.02ap.02, , , ,
02327,04.01ap01.03,04.02ap.03, , , ,
02328,04.01ap01.04,04.02ap.04, , , ,
80292,04.02.01,..,04.02.01, , ,
80433,04.02.02,..,04.02.02, , ,
80293,04.02.03,..,04.02.03, , ,
80294,04.02.04,..,04.02.04, , ,
02333,04.02.05,..,04.02.05, , ,
80295,04.02.06,..,04.02.06, , ,
82842,04.02.07,..,..,..,..,new
82843,04.02.08,..,..,..,..,new
82844,04.02.09,..,..,..,..,new
82845,04.02.10,..,..,..,..,new
82846,04.02.11,..,..,..,..,new
82847,04.02.12,..,..,..,..,new
82848,04.02.13,..,..,..,..,new
82849,04.02.14,..,..,..,..,new
80296,04.02.15,..,04.02.15, , ,
80297,04.02.16,..,04.02.16, , ,
82850,04.02.17,..,..,..,..,new
82851,04.02.18,..,..,..,..,new
02348,04.02.19,..,04.02.19, , ,
02349,04.02.20,..,04.02.20, , ,
02350,04.02.21a,..,04.02.21a, , ,
40394,04.02.21b,..,04.02.21b, , ,
02351,04.02.22a,..,04.02.22a, , ,
40395,04.02.22b,..,04.02.22b, , ,
40396,04.02.22c,..,04.02.22c, , ,
02352,04.02.23,..,04.02.23, , ,
02353,04.02.24,04.03.64, , , ,
02354,04.02.25,..,04.02.25, , ,
02355,04.02.26,..,04.02.26, , ,
02356,04.02.27,..,04.02.27, , ,
02357,04.02.28,..,04.02.28, , ,
02358,04.02.29,..,04.02.29, , ,
02359,04.02.30,..,04.02.30, , ,
02360,04.02.31,..,04.02.31, , ,
02361,04.02.32,..,04.02.32, , ,
02362,04.02.33,..,04.02.33, , ,
02363,04.02.34,04.03.66, , , ,
02364,04.02.35,04.03.65, , , ,
02365,04.02.36,..,04.02.36, , ,
80298,04.03.01,..,04.03.01a, , ,
80299,04.03.02,..,04.03.02a, , ,
01136,04.03.03a,04.03.03a, , , ,
04954,04.03.03b,04.03.03b, , , ,
04955,04.03.03c,04.03.03c, , , ,
01137,04.03.04a,04.03.04a, , , ,
04956,04.03.04b,04.03.04b, , , ,
01050,04.03.05a,..,04.03.05a, , ,
04799,04.03.05b,..,04.03.05b, , ,
01052,04.03.06a,..,04.03.06a, , ,
04800,04.03.06b,..,04.03.06b, , ,
70015,04.03.07a,04.03.05a, , , ,
70016,04.03.07b,04.03.05b, , , ,
01138,04.03.07c,04.03.05c, , , ,
01139,04.03.08a,04.03.06a, , , ,
04957,04.03.08b,04.03.06b, , , ,
04958,04.03.08c,04.03.06c, , , ,
04959,04.03.08d,04.03.06d, , , ,
80300,04.03.09a,04.03.07a, , , ,
81269,04.03.09b,04.03.07b, , , ,
81270,04.03.09c,04.03.07c, , , ,
80301,04.03.10a,04.03.08a, , , ,
81271,04.03.10b,04.03.08b, , , ,
81272,04.03.10c,04.03.08c, , , ,
01142,04.03.11a,04.03.09a, , , ,
40377,04.03.11b,04.03.09b, , , ,
40378,04.03.11c,04.03.09c, , , ,
82852,04.03.12a,..,..,..,..,new
82853,04.03.12b,..,..,..,..,new
82854,04.03.12c,..,..,..,..,new
80302,04.03.13a,04.03.11a, , , ,
81273,04.03.13b,04.03.11b, , , ,
81274,04.03.13c,04.03.11c, , , ,
01146,04.03.14a,04.03.12a, , , ,
40379,04.03.14b,04.03.12b, , , ,
40380,04.03.14c,04.03.12c, , , ,
80303,04.03.15a,04.03.13a, , , ,
81275,04.03.15b,04.03.13b, , , ,
81276,04.03.15c,04.03.13c, , , ,
80304,04.03.16a,04.03.14a, , , ,
81277,04.03.16b,04.03.14b, , , ,
81278,04.03.16c,04.03.14c, , , ,
82855,04.03.17a,..,..,..,..,new
82856,04.03.17b,..,..,..,..,new
82857,04.03.17c,..,..,..,..,new
82858,04.03.18a,..,..,..,..,new
82859,04.03.18b,..,..,..,..,new
82860,04.03.18c,..,..,..,..,new
82861,04.03.19,..,..,..,..,new
82862,04.03.20,..,..,..,..,new
82863,04.03.21,..,..,..,..,new
01155,04.03.22a,04.03.20a, , , ,
04975,04.03.22b,04.03.20b, , , ,
04976,04.03.22c,04.03.20c, , , ,
01156,04.03.23a,04.03.19a, , , ,
04974,04.03.23b,04.03.19b, , , ,
82864,04.03.24,..,..,..,..,new
01158,04.03.25,02.08.21, , , ,
01159,04.03.26,02.08.22, , , ,
01160,04.03.27,02.08.23, , , ,
01161,04.03.28,02.08.24, , , ,
01064,04.03.29,02.08.17, , , ,
80306,04.03.30a,04.03.50a, , , ,
80431,04.03.30b,04.03.50b, , , ,
80432,04.03.30c,04.03.50c, , , ,
01062,04.03.31a,02.08.15a, , , ,
04808,04.03.31b,02.08.15b, , , ,
04809,04.03.31c,02.08.15c, , , ,
04810,04.03.31d,02.08.15d, , , ,
04811,04.03.31e,02.08.15e, , , ,
01063,04.03.32a,02.08.16a, , , ,
04812,04.03.32b,02.08.16b, , , ,
04813,04.03.32c,02.08.16c, , , ,
04814,04.03.32d,02.08.16d, , , ,
04815,04.03.32e,02.08.16e, , , ,
82865,04.03.33a,..,..,..,..,new
82866,04.03.33b,..,..,..,..,new
82867,04.03.33c,..,..,..,..,new
82868,04.03.33d,..,..,..,..,new
82869,04.03.34a,..,..,..,..,new
82870,04.03.34b,..,..,..,..,new
82871,04.03.34c,..,..,..,..,new
82872,04.03.34d,..,..,..,..,new
80307,04.03.35a,04.03.23a, , , ,
80617,04.03.35b,04.03.23b, , , ,
80618,04.03.35c,04.03.23c, , , ,
80619,04.03.35d,04.03.23d, , , ,
01166,04.03.36a,04.03.24a, , , ,
04980,04.03.36b,04.03.24b, , , ,
04981,04.03.36c,04.03.24c, , , ,
04982,04.03.36d,04.03.24d, , , ,
80308,04.03.37a,04.03.25a, , , ,
80620,04.03.37b,04.03.25b, , , ,
80621,04.03.37c,04.03.25c, , , ,
80622,04.03.37d,04.03.25d, , , ,
82873,04.03.38a,..,..,..,..,new
82874,04.03.38b,..,..,..,..,new
82875,04.03.38c,..,..,..,..,new
82876,04.03.38d,..,..,..,..,new
82877,04.03.39a,..,..,..,..,new
82878,04.03.39b,..,..,..,..,new
82879,04.03.39c,..,..,..,..,new
82880,04.03.39d,..,..,..,..,new
82881,04.03.40a,..,..,..,..,new
82882,04.03.40b,..,..,..,..,new
82883,04.03.40c,..,..,..,..,new
82884,04.03.40d,..,..,..,..,new
01171,04.03.41a,04.03.29a, , , ,
04995,04.03.41b,04.03.29b, , , ,
04996,04.03.41c,04.03.29c, , , ,
04997,04.03.41d,04.03.29d, , , ,
01172,04.03.42a,04.03.30a, , , ,
04998,04.03.42b,04.03.30b, , , ,
04999,04.03.42c,04.03.30c, , , ,
05000,04.03.42d,04.03.30d, , , ,
80310,04.03.43a,04.03.31a, , , ,
80626,04.03.43b,04.03.31b, , , ,
80627,04.03.43c,04.03.31c, , , ,
80628,04.03.43d,04.03.31d, , , ,
82885,04.03.44a,..,..,..,..,new
82886,04.03.44b,..,..,..,..,new
82887,04.03.44c,..,..,..,..,new
82888,04.03.44d,..,..,..,..,new
82889,04.03.45a,..,..,..,..,new
82890,04.03.45b,..,..,..,..,new
82891,04.03.45c,..,..,..,..,new
82892,04.03.45d,..,..,..,..,new
82893,04.03.45e,..,..,..,..,new
82894,04.03.46a,..,..,..,..,new
82895,04.03.46b,..,..,..,..,new
82896,04.03.46c,..,..,..,..,new
82897,04.03.46d,..,..,..,..,new
82898,04.03.46e,..,..,..,..,new
01177,04.03.47a,04.03.35a, , , ,
05015,04.03.47b,04.03.35b, , , ,
05016,04.03.47c,04.03.35c, , , ,
05017,04.03.47d,04.03.35d, , , ,
05018,04.03.47e,04.03.35e, , , ,
82899,04.03.48a,..,..,..,..,new
82900,04.03.48b,..,..,..,..,new
82901,04.03.48c,..,..,..,..,new
82902,04.03.48d,..,..,..,..,new
82903,04.03.48e,..,..,..,..,new
82904,04.03.49a,..,..,..,..,new
82905,04.03.49b,..,..,..,..,new
82906,04.03.49c,..,..,..,..,new
82907,04.03.49d,..,..,..,..,new
82908,04.03.49e,..,..,..,..,new
82909,04.03.50a,..,..,..,..,new
82910,04.03.50b,..,..,..,..,new
82911,04.03.50c,..,..,..,..,new
82912,04.03.50d,..,..,..,..,new
82913,04.03.50e,..,..,..,..,new
01179,04.03.51a,04.03.37a, , , ,
05023,04.03.51b,04.03.37b, , , ,
05024,04.03.51c,04.03.37c, , , ,
05025,04.03.51d,04.03.37d, , , ,
05026,04.03.51e,04.03.37e, , , ,
80311,04.03.52a,04.03.40a, , , ,
80629,04.03.52b,04.03.40b, , , ,
80630,04.03.52c,04.03.40c, , , ,
80631,04.03.52d,04.03.40d, , , ,
80632,04.03.52e,04.03.40e, , , ,
30189,04.03.53,04.03.41, , , ,
30190,04.03.54,04.03.42, , , ,
01183,04.03.55a,04.03.43a, , , ,
05039,04.03.55b,04.03.43b, , , ,
01184,04.03.56a,04.03.44a, , , ,
05040,04.03.56b,04.03.44b, , , ,
01186,04.03.57a,04.03.45a, , , ,
05041,04.03.57b,04.03.45b, , , ,
01187,04.03.58a,04.03.46a, , , ,
05042,04.03.58b,04.03.46b, , , ,
80312,04.03.59,04.03.47, , , ,
80313,04.03.60,04.03.48, , , ,
01057,04.03.61a,02.08.10a, , , ,
04803,04.03.61b,02.08.10b, , , ,
04804,04.03.61c,02.08.10c, , , ,
04805,04.03.61d,02.08.10d, , , ,
80314,04.03.62a,04.03.49a, , , ,
80434,04.03.62b,04.03.49b, , , ,
80435,04.03.62c,04.03.49c, , , ,
80436,04.03.62d,04.03.49d, , , ,
01060,04.03.63,02.08.13, , , ,
01061,04.03.64,02.08.14, , , ,
80315,04.03.65,04.03.57, , , ,
01191,04.03.66a,04.03.58a, , , ,
05043,04.03.66b,04.03.58b, , , ,
05044,04.03.66c,04.03.58c, , , ,
01192,04.03.67,04.03.59, , , ,
01193,04.03.68,04.03.60, , , ,
82008,04.03.69a,04.03.71a, , , ,
82009,04.03.69b,04.03.71b, , , ,
82914,04.03.70,..,..,..,..,new
80316,04.03.71,04.03.67, , , ,
80317,04.03.72,04.03.68, , , ,
01194,04.03.73,..,04.03.71, , ,
01195,04.03.74a,..,04.03.72a, , ,
40391,04.03.74b,..,04.03.72b, , ,
01196,04.03.75a,..,04.03.73a, , ,
40392,04.03.75b,..,04.03.73b, , ,
40393,04.03.75c,..,04.03.73c, , ,
01197,04.03.76,..,04.03.74, , ,
01198,04.03.77,04.03.61, , , ,
01199,04.03.78a,04.03.62a, , , ,
05045,04.03.78b,04.03.62b, , , ,
05046,04.03.78c,04.03.62c, , , ,
01200,04.03.79,04.03.69, , , ,
01201,04.03.80,04.03.70, , , ,
01202,04.03.81,..,04.03.79, , ,
01203,04.03.82,..,04.03.80, , ,
01204,04.03.83,..,04.03.81, , ,
01205,04.03.84,..,04.03.82, , ,
82915,04.03.85a,..,..,..,..,new
82916,04.03.85b,..,..,..,..,new
82010,04.03.86,04.03.72, , , ,
80318,04.03.87a,..,04.03.83a, , ,
80430,04.03.87b,..,04.03.83b, , ,
02430,04.04.01a,04.05.01a, , , ,
05049,04.04.01b,04.05.01b, , , ,
05050,04.04.01c,04.05.01c, , , ,
05051,04.04.01d,04.05.01d, , , ,
05052,04.04.01e,04.05.01e, , , ,
02431,04.04.02a,04.05.02a, , , ,
05053,04.04.02b,04.05.02b, , , ,
05054,04.04.02c,04.05.02c, , , ,
02432,04.04.03a,04.05.03a, , , ,
05055,04.04.03b,04.05.03b, , , ,
05056,04.04.03c,04.05.03c, , , ,
02433,04.04.04a,04.05.04a, , , ,
05057,04.04.04b,04.05.04b, , , ,
05058,04.04.04c,04.05.04c, , , ,
05059,04.04.04d,04.05.04d, , , ,
05060,04.04.04e,04.05.04e, , , ,
05061,04.04.04f,04.05.04f, , , ,
82917,04.04.05,..,..,..,..,new
82918,04.04.06,..,..,..,..,new
80319,04.04.07,04.05.05, , , ,
80320,04.04.08,..,04.04.06, , ,
82919,04.04.09,..,..,..,..,new
82920,04.04.10,..,..,..,..,new
02438,04.04.11,04.05.07, , , ,
80321,04.04.12,04.05.08, , , ,
82921,04.04.13,..,..,..,..,new
82922,04.04.14,..,..,..,..,new
82923,04.04.15,..,..,..,..,new
02443,04.04.16,04.05.12, , , ,
80322,04.04.17,04.05.11, , , ,
80323,04.04.18,..,04.04.16, , ,
02446,04.04.19,04.05.13, , , ,
82924,04.04.20,..,..,..,..,new
82925,04.04.21,..,..,..,..,new
82926,04.04.22,..,..,..,..,new
82013,04.04.23,04.05.15, , , ,
82014,04.04.24,04.05.18, , , ,
02450,04.04.25,04.05.19, , , ,
82927,04.04.26,..,..,..,..,new
80324,04.04.27,..,04.04.23, , ,
80325,04.04.28,..,04.04.24, , ,
02454,04.04.29,..,04.04.27, , ,
02457,04.04.30,04.05.14, , , ,
82928,04.04.31,..,..,..,..,new
02459,04.04.32,04.05.20, , , ,
02458,04.04.33,..,04.04.31, , ,
02461,04.04.34,04.05.22, , , ,
02462,04.04.35,04.05.21, , , ,
82929,04.04.36,..,..,..,..,new
02464,04.04.37,04.05.23, , , ,
80326,04.04.38,04.05.24, , , ,
80327,04.04.39,04.05.25, , , ,
80328,04.04.40,04.05.26, , , ,
80329,04.04.41,04.05.27, , , ,
82930,04.04.42,..,..,..,..,new
02468,04.04.43,04.05.29, , , ,
02469,04.04.44,04.05.30, , , ,
02470,04.04.45,04.05.31, , , ,
02473,04.04.46,04.05.32, , , ,
02472,04.04.47,..,04.04.45, , ,
82931,04.04.48,..,..,..,..,new
80330,04.04.49,04.05.33, , , ,
02475,04.04.50,04.05.34, , , ,
82932,04.04.51,..,..,..,..,new
80331,04.04.52,04.05.36, , , ,
02478,04.04.53,04.05.37, , , ,
82933,04.04.54,..,..,..,..,new
82934,04.04.55,..,..,..,..,new
02481,04.04.56,04.05.40, , , ,
02482,04.04.57,04.05.41, , , ,
02483,04.04.58,04.05.42, , , ,
82935,04.04.59,..,..,..,..,new
02485,04.04.60,04.05.44, , , ,
02486,04.04.61,04.05.43, , , ,
02487,04.04.62,..,04.04.60, , ,
80332,04.04.63,04.05.45, , , ,
80333,04.04.64,04.05.46, , , ,
02490,04.04.65,..,04.04.63, , ,
02491,04.04.66,..,04.04.64, , ,
80334,04.04.67,04.05.47, , , ,
80335,04.04.68,04.05.48, , , ,
02494,04.04.69,04.05.49, , , ,
02495,04.04.70,04.05.50, , , ,
02496,04.04.71,04.05.63, , , ,
02497,04.04.72,04.05.64, , , ,
80336,04.04.73,04.05.61, , , ,
82936,04.04.74,..,..,..,..,new
82015,04.04.75,04.05.62, , , ,
02499,04.04.76a,04.05.66a, , , ,
30248,04.04.76b,04.05.66b, , , ,
02498,04.04.77,04.05.65, , , ,
80337,04.04.78,..,04.04.74, , ,
30194,04.04.79,04.05.67, , , ,
30195,04.04.80a,04.05.68a, , , ,
30249,04.04.80b,04.05.68b, , , ,
02500,04.04.81,04.05.69, , , ,
02501,04.04.82,04.05.70, , , ,
82016,04.04.83,04.05.71, , , ,
82017,04.04.84,04.05.72, , , ,
02502,04.04.85,04.05.73, , , ,
02503,04.04.86,04.05.74, , , ,
02504,04.04.87,04.05.75, , , ,
02505,04.04.88,..,04.04.82, , ,
02506,04.04.89a,..,04.04.83a, , ,
40585,04.04.89b,..,04.04.83b, , ,
02507,04.04.90a,04.05.76a, , , ,
05072,04.04.90b,04.05.76b, , , ,
05073,04.04.90c,04.05.76c, , , ,
82937,04.05.01,..,..,..,..,new
82938,04.05.02,..,..,..,..,new
82939,04.05.03,..,..,..,..,new
82940,04.05.04,..,..,..,..,new
82941,04.05.05,..,..,..,..,new
82942,04.05.06,..,..,..,..,new
82943,04.05.07,..,..,..,..,new
80338,04.05.08,..,04.05.08, , ,
02945,04.05.09,..,04.05.09, , ,
80339,04.05.10,..,04.05.10, , ,
82944,04.05.11,..,..,..,..,new
02948,04.05.12,..,04.05.12, , ,
02947,04.05.13,..,04.05.11, , ,
02950,04.05.14,..,04.05.14, , ,
02949,04.05.15,..,04.05.13, , ,
80340,04.05.16,..,04.05.16, , ,
02951,04.05.17,..,04.05.15, , ,
80341,04.05.18,..,04.05.18, , ,
02953,04.05.19,..,04.05.17, , ,
82945,04.05.20,..,..,..,..,new
82946,04.05.21,..,..,..,..,new
02956,04.05.22,..,04.05.20, , ,
80342,04.05.23,..,04.05.21, , ,
80343,04.05.24,..,04.05.22, , ,
02959,04.05.25,..,04.05.23, , ,
02960,04.05.26,..,04.05.24, , ,
02961,04.05.27,..,04.05.25, , ,
02962,04.05.28,..,04.05.26, , ,
02963,04.05.29,..,04.05.27, , ,
02964,04.05.30,..,04.05.28, , ,
80344,04.05.31,..,04.05.29, , ,
80345,04.05.32,..,04.05.30, , ,
82947,04.05.33,..,..,..,..,new
80346,04.05.34,..,04.05.32, , ,
02969,04.05.35,..,04.05.33, , ,
02970,04.05.36,..,04.05.34, , ,
02971,04.05.37,..,04.05.35, , ,
80347,04.05.38,..,04.05.36, , ,
02975,04.05.39,..,04.05.37, , ,
80348,04.05.40,..,04.05.38, , ,
82948,04.05.41,..,..,..,..,new
82949,04.05.42,..,..,..,..,new
02977,04.05.43,..,04.05.41, , ,
80350,04.05.44,..,04.05.40, , ,
80351,04.05.45,..,04.05.43, , ,
02979,04.05.46,..,04.05.42, , ,
80352,04.05.47,..,04.05.45, , ,
82950,04.05.48,..,..,..,..,new
02981,04.05.49,..,04.05.47, , ,
02980,04.05.50,..,04.05.46, , ,
82951,04.05.51,..,..,..,..,new
80353,04.05.52,..,04.05.48, , ,
02982,04.05.53,..,04.05.51, , ,
02983,04.05.54,..,04.05.52, , ,
80354,04.05.55,04.03.53, , , ,
80355,04.05.56,04.03.54, , , ,
82952,04.05.57a,..,..,..,..,new
82953,04.05.57b,..,..,..,..,new
82954,04.05.57c,..,..,..,..,new
82955,04.05.58,..,..,..,..,new
02377,04.05.59,04.03.55, , , ,
02378,04.05.60,04.03.56, , , ,
02984,04.05.61,..,04.05.57, , ,
02985,04.05.62,..,04.05.58, , ,
02986,04.05.63,..,04.05.59, , ,
02987,04.05.64,..,04.05.60, , ,
82956,04.05.65,..,..,..,..,new
82957,04.05.66,..,..,..,..,new
82958,04.05.67,..,..,..,..,new
82959,04.05.68,..,..,..,..,new
82960,04.05.69,..,..,..,..,new
82961,04.05.70,..,..,..,..,new
02995,04.05.71,..,04.05.67, , ,
02996,04.05.72,..,04.05.68, , ,
02998,04.05.73,..,04.05.69, , ,
02999,04.05.74,..,04.05.70, , ,
03000,04.05.75,..,04.05.71, , ,
03001,04.05.76,..,04.05.72, , ,
02382,04.06.01,04.04.01, , , ,
02383,04.06.02,04.04.02, , , ,
80356,04.06.03,04.04.03, , , ,
80357,04.06.04,04.04.04, , , ,
82976,04.06.05,..,..,..,..,new
82977,04.06.06,..,..,..,..,new
82978,04.06.07,..,..,..,..,new
82979,04.06.08,..,..,..,..,new
30191,04.06.09,04.04.09, , , ,
30192,04.06.10,04.04.10, , , ,
02398,04.06.11a,04.05.55a, , , ,
05062,04.06.11b,04.05.55b, , , ,
05063,04.06.11c,04.05.55c, , , ,
02399,04.06.12a,04.05.56a, , , ,
05064,04.06.12b,04.05.56b, , , ,
05065,04.06.12c,04.05.56c, , , ,
02402,04.06.13,04.04.11, , , ,
80358,04.06.14,04.04.12, , , ,
02404,04.06.15,04.04.13, , , ,
80359,04.06.16,04.04.14, , , ,
82980,04.06.17,..,..,..,..,new
80361,04.06.18,04.04.16, , , ,
80362,04.06.19,04.04.17, , , ,
80363,04.06.20,04.04.18, , , ,
02408,04.06.21,04.04.19, , , ,
02409,04.06.22,..,04.06.22, , ,
82981,04.06.23,..,..,..,..,new
82011,04.06.24,04.04.20, , , ,
02410,04.06.25a,04.05.57a, , , ,
05066,04.06.25b,04.05.57b, , , ,
05067,04.06.25c,04.05.57c, , , ,
05068,04.06.25d,04.05.57d, , , ,
02411,04.06.26a,04.05.58a, , , ,
05069,04.06.26b,04.05.58b, , , ,
05070,04.06.26c,04.05.58c, , , ,
05071,04.06.26d,04.05.58d, , , ,
02412,04.06.27,04.04.21, , , ,
02413,04.06.28,04.04.28, , , ,
82982,04.06.29,..,..,..,..,new
80364,04.06.30,..,04.06.28, , ,
82012,04.06.31,04.04.29, , , ,
02417,04.06.32,04.04.30, , , ,
02418,04.06.33,04.04.31, , , ,
82983,04.06.34,..,..,..,..,new
02420,04.06.35,04.04.33, , , ,
02421,04.06.36,04.04.26, , , ,
02422,04.06.37,04.05.59, , , ,
02423,04.06.38,04.04.34, , , ,
02424,04.06.39a,04.04.35a, , , ,
05047,04.06.39b,04.04.35b, , , ,
02425,04.06.40a,04.04.36a, , , ,
05048,04.06.40b,04.04.36b, , , ,
02533,04.07.01a,04.06.01a, , , ,
05074,04.07.01b,04.06.01b, , , ,
02534,04.07.02,04.06.02, , , ,
02535,04.07.03,04.06.03, , , ,
82018,04.07.04,04.06.04, , , ,
82970,04.07.05,..,..,..,..,new
82971,04.07.06,..,..,..,..,new
02537,04.07.07,04.06.05, , , ,
02538,04.07.08,04.06.06, , , ,
80365,04.07.09,04.06.07, , , ,
80366,04.07.10,04.06.08, , , ,
02539,04.07.11a,04.06.09a, , , ,
05075,04.07.11b,04.06.09b, , , ,
05076,04.07.11c,04.06.09c, , , ,
05077,04.07.11d,04.06.09d, , , ,
05078,04.07.11e,04.06.09e, , , ,
05079,04.07.11f,04.06.09f, , , ,
02540,04.07.12a,04.06.10a, , , ,
05080,04.07.12b,04.06.10b, , , ,
05081,04.07.12c,04.06.10c, , , ,
05082,04.07.12d,04.06.10d, , , ,
05083,04.07.12e,04.06.10e, , , ,
05084,04.07.12f,04.06.10f, , , ,
02541,04.07.13,..,04.07.11, , ,
02542,04.07.14,04.06.12, , , ,
02543,04.07.15,04.06.11, , , ,
02544,04.07.16,04.06.14, , , ,
02545,04.07.17,..,04.07.15, , ,
02546,04.07.18a,04.06.13a, , , ,
05085,04.07.18b,04.06.13b, , , ,
82972,04.07.19,..,..,..,..,new
82973,04.07.20,..,..,..,..,new
83032,04.07.21,..,..,..,..,new
82974,04.07.22,..,..,..,..,new
02551,04.07.23,..,04.07.21, , ,
02552,04.07.24,04.06.20, , , ,
02553,04.07.25,04.06.17, , , ,
82975,04.07.26,..,..,..,..,new
02555,04.07.27,04.06.21, , , ,
02556,04.07.28,..,04.07.26, , ,
02557,04.07.29,04.06.19, , , ,
02558,04.07.30,04.06.24, , , ,
02560,04.07.31,..,04.07.29, , ,
02561,04.07.32,04.06.23, , , ,
02562,04.07.33,..,04.07.31, , ,
02563,04.07.34,..,04.07.32, , ,
02564,04.07.35a,04.06.25a, , , ,
05086,04.07.35b,04.06.25b, , , ,
02565,04.07.36,..,04.07.34, , ,
02566,04.07.37,04.06.22, , , ,
02567,04.07.38,04.06.26, , , ,
02568,04.07.39,04.06.27, , , ,
02569,04.07.40,04.06.28, , , ,
02570,04.07.41,04.06.29, , , ,
80367,04.07.42,..,04.07.40, , ,
30196,04.07.43,04.06.31, , , ,
02571,04.07.44a,04.06.32a, , , ,
05087,04.07.44b,04.06.32b, , , ,
02572,04.07.45a,04.06.33a, , , ,
05088,04.07.45b,04.06.33b, , , ,
05089,04.07.45c,04.06.33c, , , ,
02573,04.07.46,04.06.34, , , ,
02574,04.07.47,..,04.07.45, , ,
02575,04.07.48,04.06.38, , , ,
80368,04.07.49,04.06.35, , , ,
80369,04.07.50,04.06.36, , , ,
02576,04.07.51,04.06.37, , , ,
02577,04.07.52,04.06.39, , , ,
02578,04.07.53,04.06.49, , , ,
02579,04.07.54,04.06.40, , , ,
82019,04.07.55,04.06.41, , , ,
82022,04.07.56,04.06.42, , , ,
40579,04.07.57a,04.06.43a, , , ,
02608,04.07.57bi,04.06.43bi, , , ,
05106,04.07.57bii,04.06.43bii, , , ,
05107,04.07.57biii,04.06.43biii, , , ,
70077,04.07.58a,04.06.44a, , , ,
70112,04.07.58b,04.06.44b, , , ,
02621,04.07.59a,04.06.45a, , , ,
05118,04.07.59b,04.06.45b, , , ,
02622,04.07.60a,04.06.46a, , , ,
05119,04.07.60b,04.06.46b, , , ,
02623,04.07.61a,04.06.47a, , , ,
05120,04.07.61b,04.06.47b, , , ,
05121,04.07.61c,04.06.47c, , , ,
02624,04.07.62,04.06.48, , , ,
02580,04.07.63,..,04.07.59, , ,
02581,04.07.64,04.06.50, , , ,
02582,04.07.65,..,04.07.61, , ,
02583,04.07.66,04.06.30, , , ,
02584,04.07.67,04.06.51, , , ,
02585,04.07.68,04.06.52, , , ,
02586,04.07.69,04.06.53, , , ,
02587,04.07.70,04.06.54, , , ,
02588,04.07.71,04.R.44, , , ,
02589,04.07.72,04.06.56, , , ,
02590,04.07.73,04.06.57, , , ,
02591,04.07.74,04.06.58, , , ,
02592,04.07.75,04.06.55, , , ,
02593,04.07.76a,04.06.60a, , , ,
05093,04.07.76b,04.06.60b, , , ,
05094,04.07.76c,04.06.60c, , , ,
02594,04.07.77a,04.06.59a, , , ,
05090,04.07.77b,04.06.59b, , , ,
05091,04.07.77c,04.06.59c, , , ,
05092,04.07.77d,04.06.59d, , , ,
02595,04.07.78a,04.06.62a, , , ,
05097,04.07.78b,04.06.62b, , , ,
05098,04.07.78c,04.06.62c, , , ,
05099,04.07.78d,04.06.62d, , , ,
02597,04.07ap01.01,04.06ap.01, , , ,
02598,04.07ap01.02,04.06ap.02, , , ,
02599,04.07ap01.03,04.06ap.03, , , ,
02600,04.07ap01.04,04.06ap.04, , , ,
02601,04.07ap01.05,04.06ap.05, , , ,
02627,04.08.01a,04.07.01a, , , ,
02628,04.08.01b,04.07.01b, , , ,
02629,04.08.02,04.07.02, , , ,
83024,04.08.03,..,..,..,..,new
02631,04.08.04a,04.07.04a, , , ,
05122,04.08.04b,04.07.04b, , , ,
05123,04.08.04c,04.07.04c, , , ,
05124,04.08.04d,04.07.04d, , , ,
05125,04.08.04e,04.07.04e, , , ,
83025,04.08.05,..,..,..,..,new
80370,04.08.06,04.07.06, , , ,
80371,04.08.07,04.07.07, , , ,
83026,04.08.08,..,..,..,..,new
02636,04.08.09,04.07.09, , , ,
02637,04.08.10,04.07.10, , , ,
80372,04.08.11,04.07.11, , , ,
80373,04.08.12,04.07.12, , , ,
80374,04.08.13,..,04.08.13, , ,
80375,04.08.14,..,04.08.14, , ,
83027,04.08.15,..,..,..,..,new
83028,04.08.16,..,..,..,..,new
83029,04.08.17,..,..,..,..,new
83030,04.08.18,..,..,..,..,new
80376,04.08.19,04.07.15, , , ,
80377,04.08.20,04.07.16, , , ,
83031,04.08.21,..,..,..,..,new
82984,04.08.22,..,..,..,..,new
80378,04.08.23,04.07.17, , , ,
82985,04.08.24,..,..,..,..,new
82986,04.08.25,..,..,..,..,new
82987,04.08.26,..,..,..,..,new
80379,04.08.27,04.07.21, , , ,
80380,04.08.28,04.07.22, , , ,
02664,04.08.29a,04.07.23a, , , ,
05126,04.08.29b,04.07.23b, , , ,
02665,04.08.30a,04.07.24a, , , ,
05127,04.08.30b,04.07.24b, , , ,
02666,04.08.31,04.07.25, , , ,
02667,04.08.32a,04.07.26a, , , ,
05128,04.08.32b,04.07.26b, , , ,
05129,04.08.32c,04.07.26c, , , ,
05130,04.08.32d,04.07.26d, , , ,
02668,04.08.33,04.07.27, , , ,
02669,04.08.34,..,04.08.34, , ,
80381,04.08.35a,..,04.08.35a, , ,
80382,04.08.35b,..,04.08.35b, , ,
80383,04.08.36,04.07.28, , , ,
83033,04.08.37,..,..,..,..,new
02673,04.08.38,04.07.30, , , ,
80384,04.08.39,04.07.31, , , ,
02675,04.08.40,04.07.32, , , ,
02676,04.08.41,04.07.33, , , ,
02677,04.08.42a,04.07.34a, , , ,
05131,04.08.42b,04.07.34b, , , ,
80385,04.09.01,..,04.09.01, , ,
80386,04.09.02,..,04.09.02, , ,
80387,04.09.03,04.08.01, , , ,
80388,04.09.04,04.08.02, , , ,
80389,04.09.05,04.08.03, , , ,
80390,04.09.06,04.08.04, , , ,
82988,04.09.07,..,..,..,..,new
82989,04.09.08,..,..,..,..,new
82990,04.09.09,..,..,..,..,new
82991,04.09.10,..,..,..,..,new
82992,04.09.11,..,..,..,..,new
82993,04.09.12,..,..,..,..,new
82994,04.09.13,..,..,..,..,new
82995,04.09.14,..,..,..,..,new
82996,04.09.15,..,..,..,..,new
82997,04.09.16,..,..,..,..,new
82998,04.09.17,..,..,..,..,new
80391,04.09.18,..,04.09.16, , ,
80392,04.09.19,..,04.09.17, , ,
80393,04.09.20,04.08.14, , , ,
80394,04.09.21,04.08.15, , , ,
80395,04.09.22,04.08.16, , , ,
02703,04.09.23,04.08.17, , , ,
02704,04.09.24,04.08.18, , , ,
82999,04.09.25,..,..,..,..,new
83000,04.09.26,..,..,..,..,new
80396,04.09.27,04.08.21, , , ,
80397,04.09.28,04.08.22, , , ,
83001,04.09.29,..,..,..,..,new
83002,04.09.30,..,..,..,..,new
83003,04.09.31,..,..,..,..,new
83004,04.09.32,..,..,..,..,new
83005,04.09.33,..,..,..,..,new
83006,04.09.34,..,..,..,..,new
02716,04.09.35,04.08.27, , , ,
80398,04.09.36,..,04.09.34, , ,
80399,04.09.37,..,04.09.35, , ,
02719,04.09.38,04.08.28, , , ,
82023,04.09.39,04.08.29, , , ,
82024,04.09.40,04.08.30, , , ,
02722,04.09.41,04.08.31, , , ,
02723,04.09.42,04.08.32, , , ,
83007,04.09.43,..,..,..,..,new
83008,04.09.44,..,..,..,..,new
02726,04.09.45,04.08.35, , , ,
02727,04.09.46,04.08.34, , , ,
02728,04.09.47,..,04.09.45, , ,
80400,04.09.48,04.08.36, , , ,
02734,04.09.49,04.08.37, , , ,
02735,04.09.50,04.08.38, , , ,
01075,04.09.51,02.08.29, , , ,
01076,04.09.52,02.08.30, , , ,
80401,04.09.53,02.08.31, , , ,
80402,04.09.54,02.08.32, , , ,
02736,04.09.55,04.08.39, , , ,
02737,04.09.56a,..,04.09.54a, , ,
40402,04.09.56b,..,04.09.54b, , ,
40403,04.09.56c,..,04.09.54c, , ,
40404,04.09.56d,..,04.09.54d, , ,
80403,04.09.57,02.08.33, , , ,
81248,04.09.58,02.08.34, , , ,
02745,04.09.59,04.08.41, , , ,
02746,04.09.60,..,04.09.58, , ,
83009,04.09.61,..,..,..,..,new
83010,04.09.62,..,..,..,..,new
02749,04.09.63,..,04.09.61, , ,
80405,04.09.64,..,04.09.62, , ,
02751,04.09.65a,04.08.43a, , , ,
05136,04.09.65b,04.08.43b, , , ,
05137,04.09.65c,04.08.43c, , , ,
05138,04.09.65d,04.08.43d, , , ,
02753,04.09.66,04.08.44, , , ,
02754,04.09.67,04.08.45, , , ,
02755,04.09.68,04.08.46, , , ,
02756,04.09.69,04.08.49, , , ,
02757,04.09.70a,04.08.54a, , , ,
05139,04.09.70b,04.08.54b, , , ,
02758,04.09.71,04.08.47, , , ,
02759,04.09.72,04.08.48, , , ,
02760,04.09.73,04.08.56, , , ,
02761,04.09.74,04.08.50, , , ,
02762,04.09.75,04.08.51, , , ,
02763,04.09.76,04.08.52, , , ,
02764,04.09.77,04.08.53, , , ,
02765,04.09.78a,04.08.58a, , , ,
05144,04.09.78b,04.08.58b, , , ,
05145,04.09.78c,04.08.58c, , , ,
02766,04.09.79a,04.08.57a, , , ,
05141,04.09.79b,04.08.57b, , , ,
05142,04.09.79c,04.08.57c, , , ,
05143,04.09.79d,04.08.57d, , , ,
02768,04.CC.01,04.CC.01, , , ,
02769,04.CC.02a,04.CC.02a, , , ,
05146,04.CC.02b,04.CC.02b, , , ,
02770,04.CC.03a,04.CC.03a, , , ,
05147,04.CC.03b,04.CC.03b, , , ,
02771,04.CC.04a,..,04.CC.04a, , ,
02772,04.CC.04b,04.CC.04, , , ,
02773,04.CC.05a,04.CC.05a, , , ,
80429,04.CC.05b,..,04.CC.05b, , ,
05797,04.CC.05c,04.CC.05c, , , ,
30253,04.CC.05d,04.CC.05d, , , ,
02774,04.CC.06a,04.CC.06a, , , ,
05148,04.CC.06b,04.CC.06b, , , ,
05149,04.CC.06c,04.CC.06c, , , ,
02775,04.CC.07a,04.CC.07a, , , ,
05150,04.CC.07b,04.CC.07b, , , ,
05151,04.CC.07c,04.CC.07c, , , ,
05152,04.CC.07d,04.CC.07d, , , ,
02777,04.CC.08,04.CC.08, , , ,
02778,04.CC.09a,04.CC.09a, , , ,
05153,04.CC.09b,04.CC.09b, , , ,
05154,04.CC.09c,04.CC.09c, , , ,
05155,04.CC.09d,04.CC.09d, , , ,
02779,04.CC.10a,04.CC.10a, , , ,
05156,04.CC.10b,04.CC.10b, , , ,
02911,04.PP.01,04.PP.01, , , ,
02912,04.PP.02,04.PP.02, , , ,
02913,04.PP.03,04.PP.03, , , ,
02914,04.PP.04,04.PP.04, , , ,
82025,04.PP.05,04.PP.05, , , ,
83022,04.PP.06,..,..,..,..,new
83023,04.PP.07,..,..,..,..,new
02916,04.PP.08,04.PP.06, , , ,
30200,04.PP.09,04.PP.09, , , ,
02918,04.PP.10,04.PP.14, , , ,
02917,04.PP.11,04.PP.07, , , ,
80406,04.PP.12,04.PP.13, , , ,
30201,04.PP.13,04.PP.15, , , ,
02922,04.PP.14,04.PP.10, , , ,
02919,04.PP.15,04.PP.17, , , ,
02924,04.PP.16,04.PP.18, , , ,
02925,04.PP.17,..,04.PP.15, , ,
02926,04.PP.18,04.PP.12, , , ,
02927,04.PP.19,..,04.PP.17, , ,
02928,04.PP.20,04.PP.08, , , ,
02596,04.PP.21a,04.06.61a, , , ,
05095,04.PP.21b,04.06.61b, , , ,
05096,04.PP.21c,04.06.61c, , , ,
02929,04.PP.22,04.PP.16, , , ,
02930,04.PP.23,04.PP.21, , , ,
02931,04.PP.24,04.PP.22, , , ,
01599,04.PP.25,03.04.94, , , ,
02932,04.PP.26,04.PP.20, , , ,
80409,04.R.01,04.R.01, , , ,
80410,04.R.02,04.R.02, , , ,
80411,04.R.03,04.R.03, , , ,
83011,04.R.04,..,..,..,..,new
83012,04.R.05,..,..,..,..,new
83013,04.R.06,..,..,..,..,new
83014,04.R.07,..,..,..,..,new
83015,04.R.08,..,..,..,..,new
02808,04.R.09,04.R.29, , , ,
02809,04.R.10,04.R.30, , , ,
83016,04.R.11,..,..,..,..,new
83017,04.R.12,..,..,..,..,new
02812,04.R.13,04.R.33, , , ,
02813,04.R.14,04.R.34, , , ,
00994,04.R.15,02.R.45, , , ,
02820,04.R.16,..,04.R.16, , ,
02821,04.R.17,..,04.R.17, , ,
02822,04.R.18a,..,04.R.18a, , ,
02823,04.R.18b,..,04.R.18b, , ,
00995,04.R.18c,02.R.44a, , , ,
00996,04.R.18d,02.R.44b, , , ,
02824,04.R.19,..,04.R.19, , ,
02825,04.R.20,..,04.R.20, , ,
02826,04.R.21,..,04.R.21, , ,
83018,04.R.22,..,..,..,..,new
02828,04.R.23,..,04.R.23, , ,
80412,04.R.24,..,04.R.24, , ,
02830,04.R.25,..,04.R.25, , ,
80413,04.R.26,..,04.R.26, , ,
02832,04.R.27,..,04.R.27, , ,
80414,04.R.28,..,04.R.28, , ,
83019,04.R.29,..,..,..,..,new
02835,04.R.30,..,04.R.30, , ,
02836,04.R.31,..,04.R.31, , ,
02837,04.R.32,04.R.12a, , , ,
83020,04.R.33,..,..,..,..,new
80417,04.R.34,..,04.R.34, , ,
02844,04.R.35,04.R.15, , , ,
80418,04.R.36,04.R.16, , , ,
02846,04.R.37,04.R.17, , , ,
80419,04.R.38,04.R.18, , , ,
02848,04.R.39,04.R.19, , , ,
02849,04.R.40a,04.R.20a, , , ,
05189,04.R.40b,04.R.20b, , , ,
05190,04.R.40c,04.R.20c, , , ,
05191,04.R.40d,04.R.20d, , , ,
05192,04.R.40e,04.R.20e, , , ,
80420,04.R.41,04.R.21, , , ,
80421,04.R.42,04.R.22, , , ,
02852,04.R.43,04.R.23, , , ,
02853,04.R.44,04.R.24, , , ,
80422,04.R.45,..,04.R.45, , ,
02855,04.R.46,..,04.R.46, , ,
02856,04.R.47,..,04.R.47, , ,
83021,04.R.48,..,..,..,..,new
02858,04.R.49a,04.R.26a, , , ,
05193,04.R.49b,04.R.26b, , , ,
02859,04.R.50,04.R.39, , , ,
02860,04.R.51,..,04.R.51, , ,
02861,04.R.52,04.R.40, , , ,
02862,04.R.53,04.R.41, , , ,
02863,04.R.54,04.R.42, , , ,
02864,04.R.55,..,04.R.55, , ,
02865,04.R.56,..,04.R.56, , ,
02866,04.R.57,04.R.45, , , ,
02867,04.R.58,04.R.46, , , ,
02868,04.R.59,04.R.47, , , ,
02869,04.R.60a,04.R.48a, , , ,
05194,04.R.60b,04.R.48b, , , ,
05195,04.R.60c,04.R.48c, , , ,
02870,04.R.61,..,04.R.61, , ,
02871,04.R.62,04.R.50, , , ,
02872,04.R.63,04.R.49, , , ,
02873,04.R.64,..,04.R.64, , ,
80423,04.R.65,..,04.R.65, , ,
80424,04.R.66,..,04.R.66, , ,
80425,04.R.67,..,04.R.67, , ,
80426,04.R.68,..,04.R.68, , ,
02878,04.R.69,04.R.53, , , ,
02879,04.R.70,04.R.54, , , ,
02880,04.R.71,04.R.55, , , ,
02881,04.R.72,04.R.56, , , ,
80427,04.R.73,04.R.57, , , ,
80428,04.R.74,04.R.58, , , ,
02882,04.R.75a,04.R.59a, , , ,
05196,04.R.75b,04.R.59b, , , ,
05197,04.R.75c,04.R.59c, , , ,
02884,04.R.76,04.R.62, , , ,
02885,04.R.77,04.R.61, , , ,
02886,04.R.78,..,04.R.78, , ,
02887,04.R.79a,04.R.63a, , , ,
05198,04.R.79b,04.R.63b, , , ,
05199,04.R.79c,04.R.63c, , , ,
02888,04.R.80a,04.R.64a, , , ,
05200,04.R.80b,04.R.64b, , , ,
05201,04.R.80c,04.R.64c, , , ,
02891,04.R.81,..,04.R.81, , ,
02892,04.R.82,..,04.R.82, , ,
02889,04.R.83a,04.R.65a, , , ,
05202,04.R.83b,04.R.65b, , , ,
01016,04.R.84a,02.PP.12a, , , ,
04901,04.R.84b,02.PP.12b, , , ,
04902,04.R.84c,02.PP.12c, , , ,
02780,04.TF.01,04.TF.01, , , ,
02781,04.TF.02,04.TF.02, , , ,
02782,04.TF.03,04.TF.03, , , ,
02783,04.TF.04,04.TF.04, , , ,
02784,04.TF.05,04.TF.05, , , ,
02785,04.TF.06,04.TF.06, , , ,
02786,04.TF.07,04.TF.07, , , ,
02787,04.TF.08,04.TF.08, , , ,
02788,04.TF.09,04.TF.09, , , ,
02789,04.TF.10,04.TF.10, , , ,
02790,04.TF.11,04.TF.11, , , ,
02791,04.TF.12,04.TF.12, , , ,
02792,04.TF.13,04.TF.13, , , ,
02793,04.TF.14,04.TF.14, , , ,
02794,04.TF.15,04.TF.15, , , ,
80407,04.TF.16,04.TF.16, , , ,
80408,04.TF.17,04.TF.17, , , ,
02795,04.TF.18,04.TF.18, , , ,
02796,04.TF.19,04.TF.19, , , ,
02797,04.TF.20,04.TF.20, , , ,
